City_ID,City,Lat,Lng,Max Temp,Humidity,Cloudiness,Wind Speed,Weather Description,Country,Date
0,Ebensee,47.8072,13.779,274.14,91,100,4.37,light snow,AT,2022-01-22 02:30:11
1,Hilo,19.7297,-155.09,297.73,79,1,1.34,clear sky,US,2022-01-22 02:30:12
2,Cape Town,-33.9258,18.4232,294.32,74,0,2.57,clear sky,ZA,2022-01-22 02:30:11
3,Avarua,-21.2078,-159.775,298.18,100,75,7.72,heavy intensity rain,CK,2022-01-22 02:30:12
4,Nalut,30.3333,10.85,281.18,44,98,3.08,overcast clouds,LY,2022-01-22 02:30:13
5,Dikson,73.5069,80.5464,263.31,96,100,2.74,overcast clouds,RU,2022-01-22 02:30:13
6,Ketchikan,55.3422,-131.6461,279.41,100,100,6.69,light rain,US,2022-01-22 02:30:13
7,Barrow,71.2906,-156.7887,245.16,69,100,7.72,haze,US,2022-01-22 02:30:13
8,Ushuaia,-54.8,-68.3,282.96,81,75,10.8,broken clouds,AR,2022-01-22 02:25:35
9,Mataura,-46.1927,168.8643,288.42,50,12,4.53,few clouds,NZ,2022-01-22 02:30:14
10,Kodiak,57.79,-152.4072,278.88,81,100,5.14,overcast clouds,US,2022-01-22 02:30:14
11,San Patricio,28.017,-97.5169,282.5,52,0,3.0,clear sky,US,2022-01-22 02:30:14
12,Hyeres,43.1167,6.1167,277.01,60,0,3.6,clear sky,FR,2022-01-22 02:30:15
13,Butaritari,3.0707,172.7902,300.59,69,84,4.98,broken clouds,KI,2022-01-22 02:30:15
14,Upernavik,72.7868,-56.1549,249.01,98,66,3.09,broken clouds,GL,2022-01-22 02:30:16
15,Kaitangata,-46.2817,169.8464,290.89,57,4,5.15,clear sky,NZ,2022-01-22 02:30:16
16,Rikitea,-23.1203,-134.9692,299.05,76,47,5.36,scattered clouds,PF,2022-01-22 02:30:17
17,Ilulissat,69.2167,-51.1,260.16,56,100,6.69,overcast clouds,GL,2022-01-22 02:30:17
18,Bengkulu,-3.8004,102.2655,301.5,67,53,1.84,broken clouds,ID,2022-01-22 02:30:17
19,Hermanus,-34.4187,19.2345,295.82,86,38,6.56,scattered clouds,ZA,2022-01-22 02:30:17
20,Talnakh,69.4865,88.3972,261.56,91,100,5.02,overcast clouds,RU,2022-01-22 02:30:18
21,East London,-33.0153,27.9116,295.42,84,47,5.69,scattered clouds,ZA,2022-01-22 02:30:18
22,Kamenka,51.3223,42.7678,266.34,98,97,3.0,overcast clouds,RU,2022-01-22 02:30:19
23,Vestmannaeyjar,63.4427,-20.2734,278.54,73,100,15.16,overcast clouds,IS,2022-01-22 02:30:19
24,Cedar Falls,42.5278,-92.4455,263.71,69,100,3.13,overcast clouds,US,2022-01-22 02:27:29
25,Mar Del Plata,-38.0023,-57.5575,296.53,98,0,0.89,light rain,AR,2022-01-22 02:30:20
26,Udachnyy,66.4167,112.4,248.1,98,51,2.19,broken clouds,RU,2022-01-22 02:30:20
27,Provideniya,64.3833,-173.3,258.25,95,100,7.53,snow,RU,2022-01-22 02:30:20
28,Linxia,35.6003,103.2064,272.47,75,100,1.42,overcast clouds,CN,2022-01-22 02:30:21
29,Povenets,62.8487,34.8262,266.19,96,100,2.63,light snow,RU,2022-01-22 02:30:21
30,Mwinilunga,-11.7358,24.4293,289.45,99,100,0.76,light rain,ZM,2022-01-22 02:30:21
31,Qaanaaq,77.484,-69.3632,252.55,98,100,1.36,overcast clouds,GL,2022-01-22 02:30:22
32,Adrar,20.5022,-10.0711,291.19,24,97,4.77,overcast clouds,MR,2022-01-22 02:30:22
33,Khani,41.9563,42.9566,271.91,71,26,4.36,scattered clouds,GE,2022-01-22 02:30:22
34,Nouadhibou,20.931,-17.0347,291.14,88,100,4.63,overcast clouds,MR,2022-01-22 02:30:22
35,Sapa,5.1544,120.3241,300.33,73,100,1.85,overcast clouds,PH,2022-01-22 02:30:23
36,Port Hedland,-20.3167,118.5667,308.18,46,52,4.63,broken clouds,AU,2022-01-22 02:30:23
37,Chuy,-33.6971,-53.4616,296.79,93,100,2.32,moderate rain,UY,2022-01-22 02:30:23
38,Ambilobe,-13.2,49.05,296.45,92,91,1.45,light rain,MG,2022-01-22 02:30:24
39,Nikolskoye,59.7035,30.7861,272.09,94,100,4.4,light snow,RU,2022-01-22 02:30:24
40,Atuona,-9.8,-139.0333,299.15,78,16,8.5,light rain,PF,2022-01-22 02:30:24
41,Quatre Cocos,-20.2078,57.7625,300.98,85,43,8.08,light rain,MU,2022-01-22 02:30:25
42,Tieli,46.95,128.05,257.25,81,100,1.26,overcast clouds,CN,2022-01-22 02:30:25
43,Pisco,-13.7,-76.2167,294.27,83,0,7.72,clear sky,PE,2022-01-22 02:30:25
44,Itupiranga,-5.1347,-49.3267,295.74,96,49,0.56,scattered clouds,BR,2022-01-22 02:31:26
45,Faanui,-16.4833,-151.75,300.6,75,100,7.21,light rain,PF,2022-01-22 02:31:26
46,Saint-Philippe,-21.3585,55.7679,300.9,86,39,7.74,scattered clouds,RE,2022-01-22 02:31:26
47,Bredasdorp,-34.5322,20.0403,295.53,88,100,5.66,overcast clouds,ZA,2022-01-22 02:31:26
48,Bluff,-46.6,168.3333,288.6,71,30,8.94,scattered clouds,NZ,2022-01-22 02:31:27
49,Aykhal,66.0,111.5,248.76,100,60,2.64,broken clouds,RU,2022-01-22 02:31:27
50,Victoria,22.2855,114.1577,292.56,93,100,0.45,overcast clouds,HK,2022-01-22 02:31:27
51,Busselton,-33.65,115.3333,310.95,30,5,3.26,clear sky,AU,2022-01-22 02:31:27
52,Asau,46.4333,26.4,270.79,60,22,3.27,few clouds,RO,2022-01-22 02:31:28
53,Kapaa,22.0752,-159.319,300.64,69,0,0.89,haze,US,2022-01-22 02:31:28
54,Amparafaravola,-17.5833,48.2167,291.79,95,100,3.25,overcast clouds,MG,2022-01-22 02:31:28
55,Maceio,-9.6658,-35.7353,298.84,88,40,1.03,scattered clouds,BR,2022-01-22 02:31:29
56,Punta Arenas,-53.15,-70.9167,288.21,51,75,4.12,broken clouds,CL,2022-01-22 02:30:05
57,Acapulco,16.8634,-99.8901,299.05,78,40,1.54,scattered clouds,MX,2022-01-22 02:29:51
58,Mount Isa,-20.7333,139.5,304.02,51,100,7.2,overcast clouds,AU,2022-01-22 02:31:09
59,Souillac,-20.5167,57.5167,301.13,85,28,7.32,scattered clouds,MU,2022-01-22 02:31:29
60,Ust-Kuyga,70.0167,135.6,239.84,93,100,3.87,overcast clouds,RU,2022-01-22 02:31:29
61,Saint George,37.1041,-113.5841,283.48,40,100,4.47,overcast clouds,US,2022-01-22 02:31:30
62,Bandarbeyla,9.4942,50.8122,296.91,78,100,7.26,overcast clouds,SO,2022-01-22 02:31:30
63,Vaini,-21.2,-175.2,300.2,66,75,7.21,broken clouds,TO,2022-01-22 02:31:30
64,Batos,46.8833,24.6667,264.31,98,99,0.48,light snow,RO,2022-01-22 02:31:31
65,Arandis,-22.4167,14.9667,291.19,71,100,1.06,overcast clouds,NA,2022-01-22 02:31:31
66,Mount Gambier,-37.8333,140.7667,307.1,20,62,7.72,broken clouds,AU,2022-01-22 02:29:59
67,Hobart,-42.8794,147.3294,303.85,49,40,0.89,scattered clouds,AU,2022-01-22 02:27:43
68,Dwarka,22.2394,68.9678,294.89,65,8,9.25,clear sky,IN,2022-01-22 02:31:31
69,Hamilton,39.1834,-84.5333,265.86,73,0,0.45,clear sky,US,2022-01-22 02:30:19
70,Lebu,-37.6167,-73.65,286.02,88,75,3.63,broken clouds,CL,2022-01-22 02:31:01
71,Lompoc,34.6391,-120.4579,291.55,51,0,2.06,clear sky,US,2022-01-22 02:28:27
72,Khatanga,71.9667,102.5,263.43,92,100,7.65,overcast clouds,RU,2022-01-22 02:30:07
73,Puerto Ayora,-0.7393,-90.3518,296.49,91,36,3.29,scattered clouds,EC,2022-01-22 02:31:15
74,Kruisfontein,-34.0033,24.7314,294.2,95,86,2.0,overcast clouds,ZA,2022-01-22 02:31:32
75,Pevek,69.7008,170.3133,234.51,100,69,1.2,broken clouds,RU,2022-01-22 02:28:19
76,Carballo,43.213,-8.691,280.85,70,0,3.22,clear sky,ES,2022-01-22 02:31:32
77,Chapais,49.7834,-74.8492,250.03,88,19,4.63,few clouds,CA,2022-01-22 02:31:32
78,Georgetown,5.4112,100.3354,302.11,76,20,0.45,few clouds,MY,2022-01-22 02:30:24
79,Madukkarai,10.9,76.9667,295.53,94,100,0.0,mist,IN,2022-01-22 02:31:33
80,Klaksvik,62.2266,-6.589,280.66,83,100,11.98,overcast clouds,FO,2022-01-22 02:31:33
81,Yaan,7.3833,8.5667,296.24,23,100,2.9,overcast clouds,NG,2022-01-22 02:31:33
82,Broome,42.2506,-75.833,259.07,71,0,0.45,clear sky,US,2022-01-22 02:31:34
83,Khilok,51.3674,110.4676,258.9,87,91,0.84,overcast clouds,RU,2022-01-22 02:31:34
84,Ahipara,-35.1667,173.1667,295.91,55,51,1.1,broken clouds,NZ,2022-01-22 02:31:34
85,Tyukhtet,56.5389,89.3011,253.24,100,55,1.69,broken clouds,RU,2022-01-22 02:31:35
86,Pryazha,61.6926,33.6216,268.72,95,100,3.1,overcast clouds,RU,2022-01-22 02:31:35
87,Bereda,43.2686,-7.5406,278.01,82,12,2.68,few clouds,ES,2022-01-22 02:31:35
88,Westport,41.1415,-73.3579,268.57,56,0,0.45,clear sky,US,2022-01-22 02:22:25
89,Ceska Skalice,50.3947,16.0428,274.88,98,100,2.3,light snow,CZ,2022-01-22 02:31:36
90,Quincy,42.2529,-71.0023,267.01,55,40,2.68,scattered clouds,US,2022-01-22 02:24:51
91,Natal,-5.795,-35.2094,299.27,83,40,2.57,scattered clouds,BR,2022-01-22 02:29:47
92,Kyaikkami,16.08,97.5675,297.83,71,51,2.2,broken clouds,MM,2022-01-22 02:32:36
93,Port Hardy,50.6996,-127.4199,279.13,100,100,1.03,mist,CA,2022-01-22 02:30:15
94,Gazojak,41.1875,61.4036,269.66,91,7,3.48,clear sky,TM,2022-01-22 02:32:36
95,Cidreira,-30.1811,-50.2056,298.13,88,12,9.69,few clouds,BR,2022-01-22 02:32:37
96,Port Macquarie,-31.4333,152.9167,298.13,64,45,5.76,scattered clouds,AU,2022-01-22 02:31:59
97,Ancud,-41.8697,-73.8203,287.27,77,100,5.35,overcast clouds,CL,2022-01-22 02:31:40
98,Tasiilaq,65.6145,-37.6368,263.24,51,24,4.68,few clouds,GL,2022-01-22 02:32:37
99,Limbang,4.75,115.0,301.32,64,99,0.39,overcast clouds,MY,2022-01-22 02:32:37
100,Hithadhoo,-0.6,73.0833,300.58,72,100,4.2,overcast clouds,MV,2022-01-22 02:32:38
101,Port Elizabeth,-33.918,25.5701,295.43,100,75,3.6,broken clouds,ZA,2022-01-22 02:32:38
102,Basco,20.4487,121.9702,297.47,78,99,12.28,overcast clouds,PH,2022-01-22 02:32:38
103,Anadyr,64.75,177.4833,239.43,68,100,6.0,overcast clouds,RU,2022-01-22 02:32:39
104,Hasaki,35.7333,140.8333,281.09,35,4,4.23,clear sky,JP,2022-01-22 02:32:39
105,Carnarvon,-24.8667,113.6333,316.19,8,36,7.72,scattered clouds,AU,2022-01-22 02:32:39
106,Clyde River,70.4692,-68.5914,251.28,71,100,2.06,light snow,CA,2022-01-22 02:32:40
107,Iqaluit,63.7506,-68.5145,248.0,69,100,7.15,overcast clouds,CA,2022-01-22 02:29:48
108,Vostok,46.4856,135.8833,257.89,86,25,1.39,scattered clouds,RU,2022-01-22 02:32:40
109,Romblon,12.5751,122.2708,299.53,78,60,6.35,broken clouds,PH,2022-01-22 02:32:40
110,Mahebourg,-20.4081,57.7,301.07,84,27,8.46,light rain,MU,2022-01-22 02:32:41
111,Kununurra,-15.7667,128.7333,304.14,74,100,2.57,overcast clouds,AU,2022-01-22 02:32:41
112,Asyut,27.181,31.1837,279.25,62,0,3.17,clear sky,EG,2022-01-22 02:32:32
113,Vao,-22.6667,167.4833,299.56,86,57,3.92,broken clouds,NC,2022-01-22 02:32:41
114,Nome,64.5011,-165.4064,270.19,80,100,8.23,overcast clouds,US,2022-01-22 02:28:36
115,Ivanava,52.1451,25.5365,269.65,94,100,6.41,light snow,BY,2022-01-22 02:32:42
116,Khandyga,62.6667,135.6,246.0,95,100,0.59,overcast clouds,RU,2022-01-22 02:32:42
117,Santa Cruz,-17.8,-63.1667,296.85,94,40,4.63,scattered clouds,BO,2022-01-22 02:32:42
118,Nyurba,63.2842,118.3319,251.54,97,68,3.37,broken clouds,RU,2022-01-22 02:32:43
119,Guerrero Negro,27.9769,-114.0611,289.44,73,0,5.86,clear sky,MX,2022-01-22 02:30:07
120,Taltal,-25.4,-70.4833,292.65,75,1,1.99,clear sky,CL,2022-01-22 02:32:43
121,Nisia Floresta,-6.0911,-35.2086,299.36,78,95,1.66,overcast clouds,BR,2022-01-22 02:32:43
122,Turayf,31.6725,38.6637,271.29,86,0,4.12,clear sky,SA,2022-01-22 02:32:43
123,Trelew,-43.249,-65.3051,294.95,32,0,4.18,clear sky,AR,2022-01-22 02:32:44
124,Vestmanna,62.1564,-7.1664,279.66,81,20,8.75,few clouds,FO,2022-01-22 02:32:44
125,Ameca,20.55,-104.0333,292.83,52,80,1.91,broken clouds,MX,2022-01-22 02:32:44
126,Saskylakh,71.9167,114.0833,261.59,90,100,5.25,overcast clouds,RU,2022-01-22 02:32:29
127,Thompson,55.7435,-97.8558,249.24,64,75,5.66,broken clouds,CA,2022-01-22 02:32:45
128,Olinda,-8.0089,-34.8553,301.0,74,40,2.57,scattered clouds,BR,2022-01-22 02:32:05
129,Pangnirtung,66.1451,-65.7125,245.32,84,97,2.17,overcast clouds,CA,2022-01-22 02:32:45
130,Benguela,-12.5763,13.4055,295.61,79,96,0.94,overcast clouds,AO,2022-01-22 02:32:45
131,Naze,28.3667,129.4833,291.66,61,91,6.32,overcast clouds,JP,2022-01-22 02:32:46
132,Castro,-24.7911,-50.0119,291.24,87,31,2.08,scattered clouds,BR,2022-01-22 02:32:46
133,Jining,35.405,116.5814,274.87,99,100,2.82,light snow,CN,2022-01-22 02:32:46
134,Arraial Do Cabo,-22.9661,-42.0278,297.17,88,5,5.2,clear sky,BR,2022-01-22 02:32:47
135,Kobelyaky,49.1489,34.1965,268.13,92,93,5.14,overcast clouds,UA,2022-01-22 02:32:47
136,Quang Ngai,15.1167,108.8,298.11,72,7,1.69,clear sky,VN,2022-01-22 02:32:47
137,Kirakira,-10.4544,161.9205,303.15,70,99,4.86,overcast clouds,SB,2022-01-22 02:33:48
138,Xinzhi,36.4989,111.7047,273.95,77,52,1.22,broken clouds,CN,2022-01-22 02:33:48
139,Barmer,25.75,71.3833,289.9,73,0,7.92,clear sky,IN,2022-01-22 02:33:48
140,Altagracia De Orituco,9.8601,-66.3814,294.95,91,45,3.11,scattered clouds,VE,2022-01-22 02:33:49
141,Sandviken,60.6167,16.7667,266.72,76,69,1.08,broken clouds,SE,2022-01-22 02:33:49
142,Dzhankoy,45.7167,34.4,271.34,64,23,1.69,few clouds,UA,2022-01-22 02:33:49
143,Vila Franca Do Campo,37.7167,-25.4333,288.38,74,96,5.89,overcast clouds,PT,2022-01-22 02:33:49
144,Katsuura,35.1333,140.3,279.21,45,7,1.45,clear sky,JP,2022-01-22 02:33:50
145,Burns Lake,54.2331,-125.7533,270.83,97,100,1.78,overcast clouds,CA,2022-01-22 02:33:50
146,New Norfolk,-42.7826,147.0587,304.21,24,28,1.34,scattered clouds,AU,2022-01-22 02:33:50
147,Tuktoyaktuk,69.4541,-133.0374,239.15,75,0,0.0,clear sky,CA,2022-01-22 02:33:44
148,Losal,27.4,74.9167,286.5,84,20,5.34,few clouds,IN,2022-01-22 02:33:51
149,Sirajganj,24.45,89.7167,290.65,66,46,2.91,scattered clouds,BD,2022-01-22 02:33:51
150,Hwange,-18.3693,26.5019,290.53,65,36,1.06,scattered clouds,ZW,2022-01-22 02:33:51
151,Beloha,-25.1667,45.05,295.62,95,86,3.46,overcast clouds,MG,2022-01-22 02:33:52
152,Albany,42.6001,-73.9662,258.35,60,6,1.5,clear sky,US,2022-01-22 02:33:52
153,Leningradskiy,69.3833,178.4167,238.7,91,38,2.08,scattered clouds,RU,2022-01-22 02:33:52
154,Oktyabrskoye,43.0645,44.7417,263.23,92,7,4.0,clear sky,RU,2022-01-22 02:33:52
155,Tura,25.5198,90.2201,290.79,60,4,0.68,light rain,IN,2022-01-22 02:33:53
156,Agirish,61.9247,63.0231,257.53,96,44,1.78,scattered clouds,RU,2022-01-22 02:33:53
157,Turan,16.0678,108.2208,299.14,69,19,1.54,few clouds,VN,2022-01-22 02:29:54
158,San Cristobal,7.7669,-72.225,295.25,71,13,0.77,few clouds,VE,2022-01-22 02:33:53
159,Saint-Augustin,51.226,-58.6502,243.2,97,7,2.06,clear sky,CA,2022-01-22 02:33:54
160,Dingle,10.9995,122.6711,301.38,69,100,5.06,overcast clouds,PH,2022-01-22 02:33:54
161,Bathsheba,13.2167,-59.5167,298.49,69,40,5.66,scattered clouds,BB,2022-01-22 02:33:54
162,Gobabis,-22.45,18.9667,293.44,63,99,3.49,overcast clouds,NA,2022-01-22 02:33:55
163,Usinsk,65.9939,57.5281,264.39,94,100,7.72,overcast clouds,RU,2022-01-22 02:33:55
164,Vitoria Da Conquista,-14.8661,-40.8394,290.38,78,5,1.97,clear sky,BR,2022-01-22 02:33:55
165,Padang,-0.9492,100.3543,300.18,76,96,0.79,overcast clouds,ID,2022-01-22 02:33:55
166,Axim,4.8699,-2.2405,298.1,82,0,1.12,clear sky,GH,2022-01-22 02:33:56
167,Esperance,-33.8667,121.9,299.06,62,20,4.81,few clouds,AU,2022-01-22 02:33:56
168,Dalwangan,8.2006,125.0406,294.54,56,98,1.51,overcast clouds,PH,2022-01-22 02:33:56
169,Dunedin,-45.8742,170.5036,291.93,60,6,4.02,clear sky,NZ,2022-01-22 02:30:04
170,Severo-Kurilsk,50.6789,156.125,272.07,86,99,1.43,light snow,RU,2022-01-22 02:33:57
171,Masingbi,8.7833,-11.95,291.92,28,1,1.32,clear sky,SL,2022-01-22 02:33:57
172,Polovinnoye,54.7914,65.9864,248.17,100,55,0.11,broken clouds,RU,2022-01-22 02:33:57
173,Kenai,60.5544,-151.2583,274.31,95,75,3.6,broken clouds,US,2022-01-22 02:33:58
174,Am Timan,11.0297,20.2827,293.04,26,1,2.52,clear sky,TD,2022-01-22 02:33:58
175,Siderno,38.2779,16.302,283.62,94,100,5.77,overcast clouds,IT,2022-01-22 02:33:58
176,Zhezkazgan,47.8043,67.7144,262.14,85,0,6.0,clear sky,KZ,2022-01-22 02:33:58
177,Eureka,40.8021,-124.1637,283.49,82,55,0.45,broken clouds,US,2022-01-22 02:33:59
178,Grand Gaube,-20.0064,57.6608,301.14,83,49,4.02,scattered clouds,MU,2022-01-22 02:32:34
179,Qasigiannguit,68.8193,-51.1922,260.29,78,100,2.93,overcast clouds,GL,2022-01-22 02:33:59
180,Yellowknife,62.456,-114.3525,240.05,87,0,1.03,clear sky,CA,2022-01-22 02:30:06
181,Norman Wells,65.282,-126.8329,246.17,69,75,4.63,broken clouds,CA,2022-01-22 02:32:27
182,Cascais,38.6979,-9.4215,282.85,58,0,3.13,clear sky,PT,2022-01-22 02:33:59
183,Porbandar,21.6422,69.6093,295.21,66,11,8.84,few clouds,IN,2022-01-22 02:35:00
184,Broken Hill,-31.95,141.4333,303.99,29,98,6.17,overcast clouds,AU,2022-01-22 02:35:00
185,Jamestown,42.097,-79.2353,259.95,72,0,2.57,clear sky,US,2022-01-22 02:30:23
186,Las Guacamayas,18.0167,-102.2167,296.8,82,100,1.89,overcast clouds,MX,2022-01-22 02:35:00
187,Inhapim,-19.5492,-42.12,296.48,92,13,1.37,few clouds,BR,2022-01-22 02:35:01
188,Aklavik,68.2191,-135.0107,243.61,91,100,6.26,overcast clouds,CA,2022-01-22 02:32:28
189,Namatanai,-3.6667,152.4333,302.64,71,75,2.65,light rain,PG,2022-01-22 02:35:01
190,College,64.8569,-147.8028,266.12,86,75,1.54,broken clouds,US,2022-01-22 02:35:01
191,Necochea,-38.5473,-58.7368,293.17,93,100,2.51,overcast clouds,AR,2022-01-22 02:35:02
192,Hambantota,6.1241,81.1185,294.34,100,20,1.03,few clouds,LK,2022-01-22 02:35:02
193,Oranjemund,-28.55,16.4333,296.41,69,65,1.71,broken clouds,NA,2022-01-22 02:35:02
194,Isilkul,54.9109,71.2728,248.27,100,59,2.01,broken clouds,RU,2022-01-22 02:32:17
195,Honiara,-9.4333,159.95,303.72,66,41,2.84,scattered clouds,SB,2022-01-22 02:31:22
196,Kitob,39.0843,66.8332,271.47,95,100,1.87,snow,UZ,2022-01-22 02:35:03
197,Half Moon Bay,37.4636,-122.4286,291.12,38,0,8.75,clear sky,US,2022-01-22 02:35:03
198,Svetlogorsk,52.6333,29.7333,269.26,95,99,4.7,light snow,BY,2022-01-22 02:35:03
199,Ponta Do Sol,32.6667,-17.1,291.5,59,93,5.13,overcast clouds,PT,2022-01-22 02:35:04
200,Yar-Sale,66.8333,70.8333,262.63,94,100,6.8,overcast clouds,RU,2022-01-22 02:35:04
201,Xixiang,35.1628,112.865,273.39,91,87,1.62,overcast clouds,CN,2022-01-22 02:35:04
202,Marfino,55.7028,37.3822,267.12,92,75,3.0,snow,RU,2022-01-22 02:35:04
203,Los Llanos De Aridane,28.6585,-17.9182,288.01,67,0,3.6,clear sky,ES,2022-01-22 02:35:05
204,Airai,-8.9266,125.4092,295.4,65,98,1.66,overcast clouds,TL,2022-01-22 02:33:37
205,Lata,40.1629,-8.3327,279.3,71,10,2.88,clear sky,PT,2022-01-22 02:35:05
206,Port Blair,11.6667,92.75,299.17,83,20,1.54,few clouds,IN,2022-01-22 02:35:06
207,Bambous Virieux,-20.3428,57.7575,301.05,84,31,8.35,light rain,MU,2022-01-22 02:35:06
208,Keti Bandar,24.1447,67.4497,292.74,40,0,9.89,clear sky,PK,2022-01-22 02:35:06
209,The Valley,18.217,-63.0578,298.2,68,0,9.38,clear sky,AI,2022-01-22 02:35:06
210,Astana,51.1801,71.446,252.12,77,97,3.0,mist,KZ,2022-01-22 02:32:31
211,Nantucket,41.2835,-70.0995,270.21,75,100,9.17,overcast clouds,US,2022-01-22 02:35:07
212,Lagoa,39.05,-27.9833,288.23,75,100,9.19,overcast clouds,PT,2022-01-22 02:35:07
213,Aiquile,-18.2041,-65.1807,287.48,86,61,1.97,broken clouds,BO,2022-01-22 02:35:07
214,Nuuk,64.1835,-51.7216,255.5,88,97,2.92,overcast clouds,GL,2022-01-22 02:35:08
215,San Ramon,37.7799,-121.978,290.29,42,0,0.0,clear sky,US,2022-01-22 02:30:27
216,Srednekolymsk,67.45,153.6833,230.79,99,96,2.25,overcast clouds,RU,2022-01-22 02:35:08
217,Chokurdakh,70.6333,147.9167,234.99,100,75,2.57,broken clouds,RU,2022-01-22 02:35:08
218,Biak,-0.9131,122.8766,300.67,72,100,1.74,overcast clouds,ID,2022-01-22 02:35:08
219,Zaysan,47.4667,84.8667,255.28,88,72,0.97,broken clouds,KZ,2022-01-22 02:35:09
220,Dawlatabad,36.4141,64.9053,273.64,95,100,4.26,light snow,AF,2022-01-22 02:35:09
221,Viedma,-40.8135,-62.9967,292.66,57,0,4.46,clear sky,AR,2022-01-22 02:35:09
222,La Ronge,55.1001,-105.2842,249.29,70,0,2.06,clear sky,CA,2022-01-22 02:30:29
223,Bilma,18.6853,12.9164,285.65,24,0,3.06,clear sky,NE,2022-01-22 02:35:10
224,Uni,57.7535,51.4923,258.84,97,100,4.83,overcast clouds,RU,2022-01-22 02:35:10
225,Tutoia,-2.7619,-42.2744,302.14,90,32,3.67,scattered clouds,BR,2022-01-22 02:35:11
226,Shimoda,34.6667,138.95,281.35,77,90,1.96,overcast clouds,JP,2022-01-22 02:35:11
227,Isangel,-19.55,169.2667,304.21,79,40,2.06,scattered clouds,VU,2022-01-22 02:35:11
228,Vila,42.0304,-8.1588,274.09,56,1,2.32,clear sky,PT,2022-01-22 02:36:11
229,Clearwater,27.9659,-82.8001,292.68,87,100,4.92,overcast clouds,US,2022-01-22 02:36:10
230,Ipaussu,-23.0553,-49.6284,295.64,77,70,2.18,broken clouds,BR,2022-01-22 02:36:12
231,Puerto Asis,0.5133,-76.5007,295.14,98,98,0.69,overcast clouds,CO,2022-01-22 02:36:12
232,Atar,20.5169,-13.0499,297.54,20,100,9.1,overcast clouds,MR,2022-01-22 02:36:13
233,Castelo Branco,39.8222,-7.4909,274.7,75,4,2.5,clear sky,PT,2022-01-22 02:31:23
234,Abu Kamal,34.4506,40.9171,276.98,58,2,3.0,clear sky,SY,2022-01-22 02:36:13
235,Port Stanley,-51.7,-57.85,285.31,99,100,4.69,light rain,FK,2022-01-22 02:36:13
236,Ribeira Grande,38.5167,-28.7,289.05,70,32,4.33,scattered clouds,PT,2022-01-22 02:36:13
237,Machaneng,-23.1862,27.4886,290.4,63,0,5.38,clear sky,BW,2022-01-22 02:36:14
238,Mbanza-Ngungu,-5.25,14.8667,292.25,98,81,1.5,light rain,CD,2022-01-22 02:36:14
239,Pochutla,15.7432,-96.4661,298.05,83,14,1.55,few clouds,MX,2022-01-22 02:36:14
240,Tatawin,32.9297,10.4518,280.64,52,12,1.92,few clouds,TN,2022-01-22 02:36:15
241,Bethel,41.3712,-73.414,267.3,64,0,2.06,clear sky,US,2022-01-22 02:32:40
242,Whitehorse,60.7161,-135.0538,276.58,70,75,5.66,broken clouds,CA,2022-01-22 02:36:01
243,Bacum,27.55,-110.0833,289.92,51,0,2.59,clear sky,MX,2022-01-22 02:36:15
244,Silver City,32.7701,-108.2803,277.42,60,0,0.45,clear sky,US,2022-01-22 02:36:15
245,Saldanha,-33.0117,17.9442,293.18,68,2,1.88,clear sky,ZA,2022-01-22 02:36:16
246,Tiksi,71.6872,128.8694,251.09,94,100,3.71,overcast clouds,RU,2022-01-22 02:36:16
247,Baiyin,36.5583,104.2081,270.64,61,67,1.79,broken clouds,CN,2022-01-22 02:36:16
248,Deputatskiy,69.3,139.9,243.82,84,97,1.72,overcast clouds,RU,2022-01-22 02:36:17
249,Yuzhno-Kurilsk,44.0306,145.8556,271.14,87,85,11.46,light snow,RU,2022-01-22 02:36:17
250,Denpasar,-8.65,115.2167,302.99,74,40,5.14,scattered clouds,ID,2022-01-22 02:33:49
251,Truth Or Consequences,33.1284,-107.2528,281.28,47,0,3.6,clear sky,US,2022-01-22 02:36:17
252,Saint-Joseph,-21.3667,55.6167,300.35,82,20,6.05,few clouds,RE,2022-01-22 02:36:18
253,Fuerte Olimpo,-21.0415,-57.8738,298.58,65,21,2.15,few clouds,PY,2022-01-22 02:36:18
254,Tarime,-1.35,34.3667,289.0,87,99,1.87,overcast clouds,TZ,2022-01-22 02:36:18
255,Fortuna,40.5982,-124.1573,283.34,88,0,0.45,clear sky,US,2022-01-22 02:36:18
256,Muroto,33.2833,134.15,283.17,55,11,0.21,few clouds,JP,2022-01-22 02:36:19
257,Comodoro Rivadavia,-45.8667,-67.5,293.07,37,0,13.38,clear sky,AR,2022-01-22 02:36:19
258,Along,28.1667,94.7667,285.94,82,99,0.24,overcast clouds,IN,2022-01-22 02:36:19
259,Port Moresby,-9.4431,147.1797,304.83,62,40,5.14,scattered clouds,PG,2022-01-22 02:36:19
260,Henties Bay,-22.116,14.2845,294.74,82,100,1.71,overcast clouds,NA,2022-01-22 02:33:42
261,Muscat,23.6139,58.5922,291.16,46,50,6.42,scattered clouds,OM,2022-01-22 02:36:20
262,Rawson,-43.3002,-65.1023,294.49,38,0,5.4,clear sky,AR,2022-01-22 02:36:20
263,Sitka,57.0531,-135.33,281.09,87,100,6.69,mist,US,2022-01-22 02:36:20
264,Loukhi,66.0764,33.0381,254.29,100,76,1.63,broken clouds,RU,2022-01-22 02:36:21
265,Dudinka,69.4058,86.1778,260.09,93,100,9.15,overcast clouds,RU,2022-01-22 02:32:16
266,Musoma,-1.5,33.8,292.13,82,95,2.74,overcast clouds,TZ,2022-01-22 02:36:21
267,Acari,-15.4311,-74.6158,296.11,85,95,2.7,overcast clouds,PE,2022-01-22 02:36:21
268,Salinopolis,-0.6136,-47.3561,299.03,83,100,3.62,overcast clouds,BR,2022-01-22 02:36:22
269,Kontagora,10.3999,5.4695,292.04,20,1,2.9,clear sky,NG,2022-01-22 02:36:22
270,Le Port,-20.9373,55.2919,301.13,81,23,5.03,few clouds,RE,2022-01-22 02:36:22
271,Kangaatsiaq,68.3065,-53.4641,261.07,90,100,4.61,light snow,GL,2022-01-22 02:36:23
272,Dauriya,49.9333,116.8667,253.66,96,74,0.89,broken clouds,RU,2022-01-22 02:36:23
273,Sangre Grande,10.5835,-61.1177,298.81,80,63,4.72,broken clouds,TT,2022-01-22 02:36:23
274,Maragogi,-9.0122,-35.2225,299.01,75,6,2.95,clear sky,BR,2022-01-22 02:35:52
275,Rio Grande,-32.035,-52.0986,300.21,90,22,6.05,few clouds,BR,2022-01-22 02:37:24
276,Barranca,-10.75,-77.7667,295.07,82,42,3.21,scattered clouds,PE,2022-01-22 02:37:24
277,Labrea,-7.2586,-64.7981,295.84,98,99,1.14,moderate rain,BR,2022-01-22 02:37:24
278,Porto Walter,-8.2686,-72.7439,295.78,93,100,1.12,overcast clouds,BR,2022-01-22 02:37:25
279,Ano Mera,37.45,25.4,286.85,71,100,5.57,overcast clouds,GR,2022-01-22 02:37:25
280,Acajutla,13.5928,-89.8275,299.15,73,0,2.28,clear sky,SV,2022-01-22 02:37:25
281,Kenora,49.8167,-94.4337,263.81,78,100,7.72,overcast clouds,CA,2022-01-22 02:37:26
282,Zwedru,6.0667,-8.1281,291.03,35,0,0.55,clear sky,LR,2022-01-22 02:37:26
283,Sangar,63.9242,127.4739,242.77,97,99,1.89,overcast clouds,RU,2022-01-22 02:37:26
284,Caravelas,-17.7125,-39.2481,296.83,91,17,2.77,few clouds,BR,2022-01-22 02:37:26
285,Coahuayana,18.7333,-103.6833,298.86,86,95,1.63,overcast clouds,MX,2022-01-22 02:37:27
286,Birao,10.2849,22.7882,289.63,21,6,2.94,clear sky,CF,2022-01-22 02:37:27
287,Torbay,47.6666,-52.7314,267.91,83,75,5.14,broken clouds,CA,2022-01-22 02:35:29
288,Turukhansk,65.8167,87.9833,258.36,98,100,4.39,overcast clouds,RU,2022-01-22 02:37:28
289,Luena,-11.7833,19.9167,289.28,98,100,1.17,light rain,AO,2022-01-22 02:37:28
290,Svetlaya,46.5389,138.3297,265.45,54,0,0.48,clear sky,RU,2022-01-22 02:37:28
291,Rabo De Peixe,37.8,-25.5833,287.88,97,40,5.14,scattered clouds,PT,2022-01-22 02:37:28
292,George,-33.963,22.4617,293.9,94,100,2.06,fog,ZA,2022-01-22 02:37:29
293,Port Alfred,-33.5906,26.891,296.06,86,0,8.19,clear sky,ZA,2022-01-22 02:37:29
294,Patnanungan,14.7833,122.1833,298.54,85,33,7.83,scattered clouds,PH,2022-01-22 02:37:29
295,Sinop,41.7711,34.8709,272.2,99,100,1.19,snow,TR,2022-01-22 02:37:30
296,Taoudenni,22.6783,-3.9836,290.22,21,88,3.76,overcast clouds,ML,2022-01-22 02:35:57
297,Zhaodong,46.0833,125.9833,253.16,75,79,1.93,broken clouds,CN,2022-01-22 02:37:30
298,Vardo,70.3705,31.1107,269.13,83,29,7.89,scattered clouds,NO,2022-01-22 02:37:30
299,Saint Anthony,45.0205,-93.218,265.43,84,100,2.68,haze,US,2022-01-22 02:37:31
300,Mbaiki,3.8678,17.9892,293.26,39,64,1.29,broken clouds,CF,2022-01-22 02:37:31
301,Tazovskiy,67.4667,78.7,258.08,93,100,6.45,overcast clouds,RU,2022-01-22 02:37:31
302,Jalgaon,21.0167,75.5667,293.9,71,1,3.46,clear sky,IN,2022-01-22 02:37:31
303,Charlottesville,38.0293,-78.4767,268.51,53,20,0.89,few clouds,US,2022-01-22 02:34:36
304,Elk City,35.412,-99.4043,271.27,37,0,0.0,clear sky,US,2022-01-22 02:37:32
305,Slave Lake,55.2834,-114.769,262.14,85,100,3.6,overcast clouds,CA,2022-01-22 02:37:32
306,Vanavara,60.34,102.2797,249.45,100,100,1.4,overcast clouds,RU,2022-01-22 02:37:32
307,Pryamitsyno,51.6561,35.9314,271.45,89,100,5.55,snow,RU,2022-01-22 02:37:33
308,Daura,11.5538,11.4085,287.42,18,20,4.36,few clouds,NG,2022-01-22 02:37:33
309,Paamiut,61.994,-49.6678,261.99,74,100,4.49,overcast clouds,GL,2022-01-22 02:37:34
310,Oyama,36.3,139.8,280.87,27,0,0.83,clear sky,JP,2022-01-22 02:37:34
311,La Paz,-16.5,-68.15,282.14,87,75,4.12,broken clouds,BO,2022-01-22 02:37:35
312,Sinnamary,5.3833,-52.95,297.74,87,99,2.63,overcast clouds,GF,2022-01-22 02:37:35
313,Constitucion,-35.3333,-72.4167,285.3,90,1,2.26,clear sky,CL,2022-01-22 02:37:12
314,Shaunavon,49.6501,-108.4181,270.03,98,95,1.17,overcast clouds,CA,2022-01-22 02:37:35
315,Ternate,0.8,127.4,300.31,73,100,2.8,overcast clouds,ID,2022-01-22 02:37:36
316,Cherskiy,68.75,161.3,228.12,100,95,2.2,overcast clouds,RU,2022-01-22 02:37:36
317,Lydenburg,-25.0978,30.4597,283.58,90,88,2.15,overcast clouds,ZA,2022-01-22 02:37:36
318,Arlit,18.7369,7.3853,287.04,20,2,2.82,clear sky,NE,2022-01-22 02:36:00
319,Caucaia,-3.7361,-38.6531,301.12,75,20,3.09,few clouds,BR,2022-01-22 02:37:36
320,Husavik,66.0449,-17.3389,280.1,72,75,17.65,broken clouds,IS,2022-01-22 02:38:37
321,Kavieng,-2.5744,150.7967,301.75,75,35,2.65,moderate rain,PG,2022-01-22 02:38:37
322,Aswan,24.0934,32.907,283.76,53,0,2.57,clear sky,EG,2022-01-22 02:38:37
323,Nemuro,43.3236,145.575,272.39,70,62,9.86,broken clouds,JP,2022-01-22 02:38:38
324,Esna,25.2934,32.554,280.16,40,0,3.54,clear sky,EG,2022-01-22 02:38:38
325,Poddorye,57.4695,31.1156,265.78,95,100,3.28,light snow,RU,2022-01-22 02:38:38
326,Pringsewu,-5.3582,104.9744,299.54,83,92,1.56,overcast clouds,ID,2022-01-22 02:38:39
327,Charlestown,-32.95,151.6667,300.49,65,50,0.45,scattered clouds,AU,2022-01-22 02:38:39
328,Toamasina,-18.1667,49.3833,296.15,100,75,6.17,moderate rain,MG,2022-01-22 02:38:39
329,Nizhniy Tsasuchey,50.5167,115.1333,255.96,89,38,2.13,scattered clouds,RU,2022-01-22 02:38:39
330,Salym,60.0625,71.4789,255.92,98,72,2.2,broken clouds,RU,2022-01-22 02:38:40
331,Beringovskiy,63.05,179.3167,253.44,97,100,8.05,light snow,RU,2022-01-22 02:38:40
332,Zhigansk,66.7697,123.3711,248.15,97,100,7.51,overcast clouds,RU,2022-01-22 02:38:40
333,Sao Miguel Do Araguaia,-13.275,-50.1628,296.07,88,3,1.45,clear sky,BR,2022-01-22 02:38:41
334,Sao Borja,-28.6606,-56.0044,303.12,39,45,3.1,scattered clouds,BR,2022-01-22 02:38:41
335,Divnogorsk,55.9594,92.3619,253.56,100,98,0.42,overcast clouds,RU,2022-01-22 02:38:41
336,Moose Factory,51.2585,-80.6094,265.15,67,40,13.38,scattered clouds,CA,2022-01-22 02:38:41
337,Coquimbo,-29.9533,-71.3436,289.0,88,0,2.57,clear sky,CL,2022-01-22 02:38:42
338,Olafsvik,64.8945,-23.7142,274.98,73,68,19.57,light snow,IS,2022-01-22 02:38:42
339,Filadelfia,39.9523,-75.1638,268.74,38,0,3.13,clear sky,US,2022-01-22 02:34:33
340,Sao Joao Da Barra,-21.6403,-41.0511,297.17,86,14,2.83,few clouds,BR,2022-01-22 02:38:42
341,Diego De Almagro,-26.3667,-70.05,291.44,51,0,0.97,clear sky,CL,2022-01-22 02:38:43
342,Chumikan,54.7183,135.315,253.97,82,2,9.55,clear sky,RU,2022-01-22 02:38:43
343,Biltine,14.5333,20.9167,289.24,20,0,3.68,clear sky,TD,2022-01-22 02:38:43
344,Medford,42.3265,-122.8756,282.66,78,0,0.0,clear sky,US,2022-01-22 02:38:19
345,San Andres,12.5847,-81.7006,300.16,78,20,5.66,few clouds,CO,2022-01-22 02:36:27
346,Great Yarmouth,52.6083,1.7305,277.01,93,5,4.62,clear sky,GB,2022-01-22 02:38:44
347,Bilibino,68.0546,166.4372,233.41,94,22,0.52,few clouds,RU,2022-01-22 02:38:44
348,Itarema,-2.9248,-39.9167,298.84,80,66,3.28,broken clouds,BR,2022-01-22 02:38:44
349,Okitipupa,6.5047,4.7839,293.68,92,44,0.68,scattered clouds,NG,2022-01-22 02:38:45
350,Vila Velha,-20.3297,-40.2925,298.68,87,40,0.51,scattered clouds,BR,2022-01-22 02:35:51
351,Tigre,-34.426,-58.5796,299.15,82,0,5.66,light rain,AR,2022-01-22 02:38:45
352,Sobolevo,54.4299,31.8996,265.28,96,96,3.15,snow,RU,2022-01-22 02:38:45
353,Dongsheng,39.8161,109.9776,268.87,80,80,2.54,broken clouds,CN,2022-01-22 02:38:46
354,Codrington,-38.2667,141.9667,305.71,25,1,3.71,clear sky,AU,2022-01-22 02:38:46
355,Wajid,3.8093,43.2471,295.2,55,100,11.64,overcast clouds,SO,2022-01-22 02:38:46
356,Shestakovo,56.4915,103.96,254.96,100,100,0.29,overcast clouds,RU,2022-01-22 02:38:47
357,Cabo San Lucas,22.8909,-109.9124,295.32,60,20,3.6,few clouds,MX,2022-01-22 02:36:42
358,Sal Rei,16.1833,-22.9167,294.46,81,100,4.8,overcast clouds,CV,2022-01-22 02:38:47
359,Oriximina,-1.7656,-55.8661,298.29,76,99,1.52,overcast clouds,BR,2022-01-22 02:37:32
360,Qianan,44.9932,124.0581,258.19,73,100,2.64,overcast clouds,CN,2022-01-22 02:38:47
361,The Pas,53.8251,-101.2541,252.16,71,0,6.69,clear sky,CA,2022-01-22 02:38:48
362,Marsh Harbour,26.5412,-77.0636,296.95,84,9,4.78,clear sky,BS,2022-01-22 02:35:28
363,Nanortalik,60.1432,-45.2371,266.39,91,100,4.75,snow,GL,2022-01-22 02:38:48
364,Suluq,31.6682,20.2521,284.7,67,5,4.11,clear sky,LY,2022-01-22 02:38:48
365,Lasa,46.6166,10.7002,271.87,79,2,3.78,clear sky,IT,2022-01-22 02:39:49
366,Te Anau,-45.4167,167.7167,298.46,29,6,2.5,clear sky,NZ,2022-01-22 02:39:50
367,Havoysund,70.9963,24.6622,270.64,63,100,9.38,overcast clouds,NO,2022-01-22 02:39:50
368,Mitu,1.1983,-70.1733,295.67,98,100,0.35,overcast clouds,CO,2022-01-22 02:39:50
369,Brae,60.3964,-1.353,282.1,88,100,9.79,overcast clouds,GB,2022-01-22 02:39:50
370,Ojuelos De Jalisco,21.8667,-101.5833,284.46,50,79,1.98,broken clouds,MX,2022-01-22 02:39:51
371,Pinawa,50.1489,-95.8811,259.27,91,100,6.3,light snow,CA,2022-01-22 02:39:51
372,Acarau,-2.8856,-40.12,299.03,80,66,3.39,broken clouds,BR,2022-01-22 02:39:51
373,Amet,25.3,73.9333,287.49,80,0,6.57,clear sky,IN,2022-01-22 02:39:52
374,Victor Harbor,-35.5667,138.6167,297.2,84,100,6.85,overcast clouds,AU,2022-01-22 02:39:52
375,Ammon,43.4696,-111.9666,268.43,86,100,2.06,overcast clouds,US,2022-01-22 02:39:52
376,Gotsu,35.0,132.2167,279.23,48,21,1.98,few clouds,JP,2022-01-22 02:39:52
377,Gamba,-2.65,10.0,297.46,94,12,3.77,few clouds,GA,2022-01-22 02:39:53
378,Ust-Tsilma,65.441,52.1498,265.17,94,100,3.02,overcast clouds,RU,2022-01-22 02:39:53
379,Paramonga,-10.6667,-77.8333,295.17,85,37,3.43,scattered clouds,PE,2022-01-22 02:39:53
380,Ashqelon,31.6693,34.5715,281.15,59,0,0.95,clear sky,IL,2022-01-22 02:39:54
381,Iquitos,-3.7481,-73.2472,297.17,94,75,1.03,broken clouds,PE,2022-01-22 02:39:54
382,Auki,-8.7676,160.7034,303.46,67,100,4.11,overcast clouds,SB,2022-01-22 02:39:54
383,Lichuan,30.3,108.85,276.03,96,100,1.35,overcast clouds,CN,2022-01-22 02:39:55
384,Puerto Escondido,15.85,-97.0667,298.61,73,0,0.0,clear sky,MX,2022-01-22 02:39:55
385,Nguruka,-5.1092,31.0419,291.04,94,94,1.14,light rain,TZ,2022-01-22 02:39:55
386,Chicama,-7.8447,-79.1469,292.45,75,52,2.52,broken clouds,PE,2022-01-22 02:39:56
387,Kidal,18.4411,1.4078,287.14,22,23,4.55,few clouds,ML,2022-01-22 02:39:56
388,Kuminskiy,58.6667,66.5667,258.73,97,91,2.0,overcast clouds,RU,2022-01-22 02:39:56
389,Tigil,57.8,158.6667,255.24,96,65,0.83,broken clouds,RU,2022-01-22 02:39:57
390,Sibolga,1.7427,98.7792,302.27,65,86,1.21,overcast clouds,ID,2022-01-22 02:39:57
391,Hokitika,-42.7167,170.9667,292.6,69,3,4.01,clear sky,NZ,2022-01-22 02:39:57
392,Kabakovo,54.5369,56.1517,261.31,92,100,1.0,snow,RU,2022-01-22 02:39:57
393,Vitim,59.4511,112.5578,259.06,95,99,1.9,overcast clouds,RU,2022-01-22 02:39:58
394,Kieta,-6.2167,155.6333,302.93,68,99,3.0,overcast clouds,PG,2022-01-22 02:39:58
395,Pizarro,4.9533,-77.366,297.93,92,98,2.64,moderate rain,CO,2022-01-22 02:39:58
396,Qiongshan,20.0058,110.3542,295.14,88,75,5.0,broken clouds,CN,2022-01-22 02:39:59
397,Valparaiso,-33.0393,-71.6273,287.95,82,0,2.06,clear sky,CL,2022-01-22 02:39:59
398,Alice Springs,-23.7,133.8833,302.9,58,52,3.09,broken clouds,AU,2022-01-22 02:39:59
399,Lakes Entrance,-37.8811,147.981,298.24,61,0,4.32,clear sky,AU,2022-01-22 02:40:00
400,Nizwa,22.9333,57.5333,284.74,66,0,2.5,clear sky,OM,2022-01-22 02:40:00
401,Bossangoa,6.4926,17.4552,292.09,31,23,1.14,few clouds,CF,2022-01-22 02:40:01
402,Yingkou,40.6648,122.2283,266.84,67,100,2.36,overcast clouds,CN,2022-01-22 02:40:01
403,Melfort,52.8667,-104.6177,251.22,71,13,3.6,few clouds,CA,2022-01-22 02:40:01
404,Belmonte,-15.8631,-38.8828,299.43,83,96,2.0,overcast clouds,BR,2022-01-22 02:40:02
405,Lavrentiya,65.5833,-171.0,256.42,96,100,7.23,snow,RU,2022-01-22 02:40:02
406,Hay River,60.8156,-115.7999,248.14,77,75,1.54,broken clouds,CA,2022-01-22 02:38:11
407,Saint-Pierre,-21.3393,55.4781,300.97,74,3,3.09,clear sky,RE,2022-01-22 02:41:03
408,Ozernovskiy,51.5,156.5167,271.41,95,100,0.92,light snow,RU,2022-01-22 02:41:03
409,Sorong,-0.8833,131.25,300.48,81,100,2.47,overcast clouds,ID,2022-01-22 02:37:58
410,Luderitz,-26.6481,15.1594,299.68,63,100,4.64,overcast clouds,NA,2022-01-22 02:41:03
411,Richards Bay,-28.783,32.0377,295.09,81,100,2.81,light rain,ZA,2022-01-22 02:41:04
412,Oristano,39.9,8.6,281.5,83,30,2.65,scattered clouds,IT,2022-01-22 02:41:04
413,Tirumala,13.6833,79.35,290.25,55,50,0.87,scattered clouds,IN,2022-01-22 02:41:04
414,Cambridge,43.3601,-80.3127,261.78,85,12,0.96,few clouds,CA,2022-01-22 02:41:05
415,Dire Dawa,9.5931,41.8661,289.4,47,74,1.09,broken clouds,ET,2022-01-22 02:41:05
416,Saint-Louis,16.3333,-15.0,299.01,18,100,5.35,overcast clouds,SN,2022-01-22 02:41:05
417,Antofagasta,-23.65,-70.4,290.75,80,75,2.59,broken clouds,CL,2022-01-22 02:41:06
418,Asosa,10.0667,34.5333,289.09,47,40,2.46,scattered clouds,ET,2022-01-22 02:41:06
419,Tual,-5.6667,132.75,300.87,83,100,7.17,overcast clouds,ID,2022-01-22 02:41:06
420,Pontianak,-0.0333,109.3333,301.14,74,20,1.54,few clouds,ID,2022-01-22 02:41:06
421,Hidalgo,20.5,-99.0,281.22,93,99,1.52,overcast clouds,MX,2022-01-22 02:40:40
422,Suntar,62.1444,117.6319,253.97,95,17,2.59,few clouds,RU,2022-01-22 02:41:07
423,Kazan,55.7887,49.1221,262.49,95,100,6.02,snow,RU,2022-01-22 02:41:07
424,Teguldet,57.3064,88.1667,253.22,100,84,1.62,broken clouds,RU,2022-01-22 02:41:07
425,Lujan,-34.5703,-59.105,299.01,79,100,1.79,moderate rain,AR,2022-01-22 02:41:08
426,Puno,-15.8333,-70.0333,278.78,86,100,2.99,overcast clouds,PE,2022-01-22 02:41:08
427,Portland,45.5234,-122.6762,281.4,86,100,0.45,overcast clouds,US,2022-01-22 02:33:15
428,Ulladulla,-35.35,150.4667,297.65,55,35,4.17,scattered clouds,AU,2022-01-22 02:41:08
429,Malakal,9.5334,31.6605,293.69,24,86,2.75,overcast clouds,SS,2022-01-22 02:41:09
430,Goroka,-6.0834,145.3873,296.39,69,89,0.67,overcast clouds,PG,2022-01-22 02:41:09
431,Benghazi,32.1167,20.0667,287.69,58,12,6.34,few clouds,LY,2022-01-22 02:41:09
432,Nioro,13.35,-15.75,299.09,17,99,2.9,overcast clouds,GM,2022-01-22 02:41:10
433,Belaya Gora,68.5333,146.4167,231.98,100,95,0.35,overcast clouds,RU,2022-01-22 02:41:10
434,Taloqan,36.7361,69.5345,273.47,96,100,1.97,snow,AF,2022-01-22 02:41:10
435,Lorengau,-2.0226,147.2712,302.82,66,99,3.65,overcast clouds,PG,2022-01-22 02:41:10
436,Palmer,42.1584,-72.3287,263.49,63,40,0.45,scattered clouds,US,2022-01-22 02:41:11
437,Tanout,14.9709,8.8879,283.91,19,0,5.39,clear sky,NE,2022-01-22 02:41:11
438,Formosa Do Rio Preto,-11.0483,-45.1931,294.01,92,6,0.57,clear sky,BR,2022-01-22 02:41:11
439,Araraquara,-21.7944,-48.1756,297.05,62,82,1.65,broken clouds,BR,2022-01-22 02:41:12
440,Sola,-13.8833,167.55,302.03,75,77,8.71,broken clouds,VU,2022-01-22 02:41:12
441,Labuhan,-6.8844,112.2051,301.8,72,94,5.26,overcast clouds,ID,2022-01-22 02:41:12
442,Fort Nelson,58.8053,-122.7002,256.92,85,100,1.03,overcast clouds,CA,2022-01-22 02:41:13
443,Madison,34.7334,-86.5667,272.1,78,75,1.34,broken clouds,US,2022-01-22 02:37:36
444,Yumen,40.2833,97.2,269.23,44,25,2.25,scattered clouds,CN,2022-01-22 02:41:13
445,Haines Junction,60.7522,-137.5108,274.12,75,84,2.06,broken clouds,CA,2022-01-22 02:41:13
446,Aguimes,27.9054,-15.4461,289.5,85,75,2.57,broken clouds,ES,2022-01-22 02:41:13
447,Lensk,60.7253,114.9278,258.77,94,99,3.15,overcast clouds,RU,2022-01-22 02:41:14
448,Cururupu,-1.8283,-44.8683,297.08,91,22,1.14,few clouds,BR,2022-01-22 02:41:14
449,Magadan,59.5667,150.8,257.89,76,81,1.67,broken clouds,RU,2022-01-22 02:41:14
450,Namibe,-15.1961,12.1522,294.56,79,56,2.81,broken clouds,AO,2022-01-22 02:41:15
451,Champerico,14.3,-91.9167,301.12,74,0,2.99,clear sky,GT,2022-01-22 02:41:15
452,Linares,-35.85,-71.6,284.39,69,0,0.93,clear sky,CL,2022-01-22 02:42:15
453,Eyl,7.9803,49.8164,296.05,78,82,7.56,broken clouds,SO,2022-01-22 02:42:16
454,Progreso,21.2833,-89.6667,297.21,87,39,3.33,scattered clouds,MX,2022-01-22 02:42:16
455,Lerwick,60.1545,-1.1494,282.15,87,100,10.17,overcast clouds,GB,2022-01-22 02:42:16
456,Abu Samrah,35.3029,37.1841,277.45,60,73,2.35,broken clouds,SY,2022-01-22 02:42:16
457,Saint-Jovite,46.1186,-74.5966,250.9,76,19,0.51,few clouds,CA,2022-01-22 02:42:17
458,Alofi,-19.0595,-169.9187,302.09,74,34,6.69,scattered clouds,NU,2022-01-22 02:38:19
459,Ninohe,40.2724,141.3061,273.59,71,51,4.74,broken clouds,JP,2022-01-22 02:42:17
460,Geraldton,-28.7667,114.6,314.38,9,0,7.72,clear sky,AU,2022-01-22 02:42:17
461,Verkhnyaya Inta,65.9811,60.3094,266.29,87,100,7.81,overcast clouds,RU,2022-01-22 02:42:18
462,Waddan,29.1614,16.139,283.06,45,17,2.16,few clouds,LY,2022-01-22 02:42:18
463,Skelleftea,64.7507,20.9528,260.35,92,55,1.54,broken clouds,SE,2022-01-22 02:42:18
464,Merauke,-8.4667,140.3333,302.42,72,75,4.53,broken clouds,ID,2022-01-22 02:42:18
465,Rameswaram,9.2833,79.3,298.96,70,100,1.2,overcast clouds,IN,2022-01-22 02:42:19
466,Port-Cartier,50.0334,-66.8654,251.34,98,42,3.22,scattered clouds,CA,2022-01-22 02:42:19
467,Angoche,-16.2325,39.9086,295.88,95,88,4.06,light rain,MZ,2022-01-22 02:42:19
468,Cayenne,4.9333,-52.3333,296.53,93,100,1.03,overcast clouds,GF,2022-01-22 02:42:20
469,Cejkovice,48.9059,16.9423,274.14,97,100,5.82,light snow,CZ,2022-01-22 02:42:20
470,Maswa,-2.6833,33.9833,290.83,83,100,2.27,overcast clouds,TZ,2022-01-22 02:42:20
471,Canico,32.6333,-16.85,291.5,86,40,0.89,scattered clouds,PT,2022-01-22 02:42:20
472,Jiayuguan,39.8167,98.3,271.03,33,2,0.93,clear sky,CN,2022-01-22 02:42:21
473,La Palma,33.8464,-118.0467,294.49,32,20,1.79,few clouds,US,2022-01-22 02:42:21
474,Kut Chap,17.4257,102.5669,297.46,70,71,1.22,broken clouds,TH,2022-01-22 02:42:21
475,Najran,17.4924,44.1277,280.51,74,0,1.44,clear sky,SA,2022-01-22 02:42:21
476,Buala,-8.145,159.5921,303.05,71,100,3.95,light rain,SB,2022-01-22 02:42:22
477,Guarapari,-20.6667,-40.4975,298.65,89,16,0.6,few clouds,BR,2022-01-22 02:42:22
478,Russell,32.3502,-85.1999,276.93,91,100,2.57,overcast clouds,US,2022-01-22 02:42:22
479,Laon,49.5667,3.6667,274.29,94,13,1.81,few clouds,FR,2022-01-22 02:42:23
480,Komsomolskiy,40.4272,71.7189,272.79,80,100,2.06,mist,UZ,2022-01-22 02:41:50
481,Aksay,47.26,39.87,274.4,98,100,4.92,snow,RU,2022-01-22 02:42:23
482,Huarmey,-10.0681,-78.1522,295.43,83,68,3.65,broken clouds,PE,2022-01-22 02:42:23
483,Hobyo,5.3505,48.5268,299.15,63,97,9.6,overcast clouds,SO,2022-01-22 02:42:24
484,Shelburne,44.0787,-80.2041,259.09,80,42,2.85,scattered clouds,CA,2022-01-22 02:42:24
485,Scarborough,54.2797,-0.4044,276.78,88,76,0.45,broken clouds,GB,2022-01-22 02:39:31
486,Pula,44.8683,13.8481,273.46,59,0,2.06,clear sky,HR,2022-01-22 02:42:24
487,Ambon,-3.6954,128.1814,303.23,74,40,1.54,scattered clouds,ID,2022-01-22 02:42:24
488,Mudgee,-32.5943,149.5871,296.92,60,100,5.14,overcast clouds,AU,2022-01-22 02:42:25
489,Yangjiang,21.85,111.9667,293.68,81,100,3.0,overcast clouds,CN,2022-01-22 02:42:25
490,Romanovskaya,47.5426,42.0285,272.64,98,100,2.91,snow,RU,2022-01-22 02:42:25
491,Nibbar,36.2941,8.7666,276.53,93,40,1.54,scattered clouds,TN,2022-01-22 02:42:26
492,Igarka,67.4667,86.5833,258.11,96,98,6.26,overcast clouds,RU,2022-01-22 02:42:26
493,Terney,45.0503,136.6092,266.24,50,0,2.05,clear sky,RU,2022-01-22 02:42:26
494,Kuruman,-27.4524,23.4325,293.78,43,35,5.84,scattered clouds,ZA,2022-01-22 02:42:27
495,Krasnoborsk,61.5598,45.934,257.73,97,100,2.03,light snow,RU,2022-01-22 02:42:27
496,Marawi,7.9986,124.2928,295.73,60,99,1.34,overcast clouds,PH,2022-01-22 02:42:27
497,Zhuanghe,39.7008,122.9911,270.49,57,100,0.72,overcast clouds,CN,2022-01-22 02:39:13
498,Puquio,-14.7,-74.1333,284.97,76,57,0.07,broken clouds,PE,2022-01-22 02:42:27
499,Noumea,-22.2763,166.4572,303.15,99,38,2.74,scattered clouds,NC,2022-01-22 02:42:28
500,Bowen,-20.0167,148.2333,299.27,68,64,9.87,broken clouds,AU,2022-01-22 02:42:28
501,San Lorenzo,-25.3333,-57.5333,303.67,55,0,3.58,clear sky,PY,2022-01-22 02:43:28
502,Bereznik,62.8551,42.7072,260.65,97,100,1.93,overcast clouds,RU,2022-01-22 02:43:29
503,Hargeysa,9.56,44.065,286.12,83,58,4.22,broken clouds,SO,2022-01-22 02:43:29
504,Yenagoa,4.9247,6.2642,297.36,90,56,0.8,broken clouds,NG,2022-01-22 02:43:29
505,Uaua,-9.8414,-39.4817,296.3,71,0,4.1,clear sky,BR,2022-01-22 02:43:30
506,Rupea,46.0333,25.2167,268.14,94,100,3.8,overcast clouds,RO,2022-01-22 02:43:30
507,Puerto Madryn,-42.7692,-65.0385,294.44,44,0,4.85,clear sky,AR,2022-01-22 02:43:30
508,Kanturk,52.1667,-8.9,279.64,89,69,1.65,broken clouds,IE,2022-01-22 02:43:30
509,Balykshi,47.0667,51.8667,268.15,93,100,4.0,mist,KZ,2022-01-22 02:43:31
510,Mogadishu,2.0371,45.3438,297.11,81,100,8.89,overcast clouds,SO,2022-01-22 02:43:31
511,Kloulklubed,7.0419,134.2556,297.43,80,100,8.86,moderate rain,PW,2022-01-22 02:43:31
512,Florianopolis,-27.6146,-48.5012,298.72,79,75,1.34,broken clouds,BR,2022-01-22 02:43:32
513,Bara,10.3744,10.7288,288.72,27,29,3.17,scattered clouds,NG,2022-01-22 02:43:32
514,Aberdeen,57.1437,-2.0981,279.38,93,100,0.51,overcast clouds,GB,2022-01-22 02:39:38
515,Waki,34.0667,134.15,279.83,47,48,1.73,scattered clouds,JP,2022-01-22 02:43:32
516,Mindif,10.3976,14.4363,291.99,29,7,4.71,clear sky,CM,2022-01-22 02:43:32
517,Anchorage,61.2181,-149.9003,281.4,89,0,3.09,clear sky,US,2022-01-22 02:33:38
518,Miyako,39.6367,141.9525,276.4,44,45,4.79,scattered clouds,JP,2022-01-22 02:43:33
519,Fairbanks,64.8378,-147.7164,266.13,86,100,0.0,overcast clouds,US,2022-01-22 02:43:33
520,Ostrovnoy,68.0531,39.5131,263.71,82,99,2.82,overcast clouds,RU,2022-01-22 02:43:33
521,Puerto Carreno,6.189,-67.4859,300.5,59,88,4.14,overcast clouds,CO,2022-01-22 02:43:34
522,Corn Island,12.1694,-83.0418,300.02,79,7,7.47,clear sky,NI,2022-01-22 02:43:34
523,Staryy Nadym,65.6118,72.6842,258.51,95,100,4.97,overcast clouds,RU,2022-01-22 02:43:34
524,Ngunguru,-35.6167,174.5,298.8,62,22,4.94,few clouds,NZ,2022-01-22 02:43:34
525,Lazaro Cardenas,17.9583,-102.2,297.5,79,100,1.93,overcast clouds,MX,2022-01-22 02:43:35
526,Rio Verde De Mato Grosso,-18.9181,-54.8442,298.03,66,0,1.15,clear sky,BR,2022-01-22 02:43:35
527,Lima,-12.0432,-77.0282,293.29,83,40,5.14,scattered clouds,PE,2022-01-22 02:39:26
528,Rosita,13.9268,-84.4032,294.2,99,21,1.24,few clouds,NI,2022-01-22 02:43:35
529,Ayan,56.45,138.1667,258.33,74,1,4.02,clear sky,RU,2022-01-22 02:43:36
530,Longyearbyen,78.2186,15.6401,270.06,93,100,16.46,snow,SJ,2022-01-22 02:40:35
531,Lasalgaon,20.15,74.2333,291.02,83,1,5.61,clear sky,IN,2022-01-22 02:43:36
532,Ratnagiri,16.9833,73.3,295.92,81,13,2.14,few clouds,IN,2022-01-22 02:43:36
533,La Romana,18.4273,-68.9728,299.0,88,20,2.57,few clouds,DO,2022-01-22 02:43:36
534,Nelson Bay,-32.7167,152.15,299.14,74,54,5.02,light rain,AU,2022-01-22 02:43:37
535,Santa Ana,33.7456,-117.8678,294.34,25,0,3.58,clear sky,US,2022-01-22 02:40:48
536,Stornoway,58.2093,-6.3865,282.13,89,100,2.24,overcast clouds,GB,2022-01-22 02:43:37
537,Berlevag,70.8578,29.0864,268.39,79,99,8.96,overcast clouds,NO,2022-01-22 02:43:37
538,Salalah,17.0151,54.0924,292.2,9,4,7.72,clear sky,OM,2022-01-22 02:39:20
539,Kannangad,12.3081,75.1063,297.04,75,100,2.41,overcast clouds,IN,2022-01-22 02:39:12
540,Gayny,60.3071,54.3241,258.74,97,100,1.89,overcast clouds,RU,2022-01-22 02:43:38
541,Sao Filipe,14.8961,-24.4956,295.9,77,58,3.48,broken clouds,CV,2022-01-22 02:43:38
542,Vaitape,-16.5167,-151.75,300.54,76,100,7.2,light rain,PF,2022-01-22 02:43:38
543,Nizhniy Kuranakh,58.8353,125.4869,258.38,94,99,1.48,overcast clouds,RU,2022-01-22 02:43:39
544,Ustron,49.7215,18.802,271.52,97,100,1.33,light snow,PL,2022-01-22 02:43:39
545,Praia Da Vitoria,38.7333,-27.0667,289.29,77,75,7.8,broken clouds,PT,2022-01-22 02:43:39
546,Camacha,33.0833,-16.3333,289.57,82,20,8.23,few clouds,PT,2022-01-22 02:43:39
547,Moussoro,13.6408,16.4901,288.13,18,0,5.35,clear sky,TD,2022-01-22 02:43:40
548,Quelimane,-17.8786,36.8883,297.12,88,75,1.54,moderate rain,MZ,2022-01-22 02:43:40
549,Soe,-9.8607,124.284,299.74,61,88,2.4,overcast clouds,ID,2022-01-22 02:43:40
550,Xichang,27.8964,102.2634,280.95,82,100,0.92,overcast clouds,CN,2022-01-22 02:44:41
551,Rocha,-34.4833,-54.3333,296.79,95,100,5.16,very heavy rain,UY,2022-01-22 02:43:26
552,Ixtapa,20.7,-105.2,296.72,83,75,2.57,broken clouds,MX,2022-01-22 02:44:41
553,Providencia,28.7167,-111.5833,292.51,62,0,2.27,clear sky,MX,2022-01-22 02:44:41
554,Cape Coast,5.1053,-1.2466,298.25,64,1,1.11,clear sky,GH,2022-01-22 02:44:42
555,Poum,-20.2333,164.0167,300.25,81,69,3.13,broken clouds,NC,2022-01-22 02:44:42
556,Kalabagh,32.965,71.557,283.32,91,100,3.85,overcast clouds,PK,2022-01-22 02:44:42
557,Laplace,30.0666,-90.4801,278.14,57,0,1.34,clear sky,US,2022-01-22 02:44:42
558,Raudeberg,61.9875,5.1352,279.93,96,100,0.45,overcast clouds,NO,2022-01-22 02:44:43
559,Baoding,38.8511,115.4903,271.43,75,100,2.13,overcast clouds,CN,2022-01-22 02:44:43
560,Khakhea,-24.6895,23.494,294.18,32,55,6.63,broken clouds,BW,2022-01-22 02:44:43
561,Kalangala,-0.3089,32.225,292.79,67,100,2.6,overcast clouds,UG,2022-01-22 02:44:43
562,Lae,-6.7221,146.9847,302.52,61,97,2.16,light rain,PG,2022-01-22 02:44:44
563,Gravdal,68.1214,13.5031,275.68,98,100,13.33,moderate rain,NO,2022-01-22 02:44:44
564,Maba,24.6841,113.5984,288.18,90,100,0.45,light rain,CN,2022-01-22 02:44:44
565,Narsaq,60.9167,-46.05,261.27,70,100,3.22,overcast clouds,GL,2022-01-22 02:44:45
566,Goderich,43.7501,-81.7165,261.43,66,60,3.09,broken clouds,CA,2022-01-22 02:43:08
567,Kichmengskiy Gorodok,59.9816,45.7854,262.49,91,100,3.47,overcast clouds,RU,2022-01-22 02:44:45
568,Roebourne,-20.7833,117.1333,310.46,30,35,0.22,scattered clouds,AU,2022-01-22 02:44:45
569,Erdaojiang,41.7764,126.0319,266.61,65,100,0.24,overcast clouds,CN,2022-01-22 02:44:45
570,Sistranda,63.7256,8.834,279.76,87,100,13.46,overcast clouds,NO,2022-01-22 02:44:46
571,Grindavik,63.8424,-22.4338,276.41,70,75,15.95,broken clouds,IS,2022-01-22 02:44:46
572,Mantua,45.1667,10.7833,275.83,83,55,0.88,broken clouds,IT,2022-01-22 02:44:46
573,Cullera,39.1667,-0.25,282.51,82,100,1.34,overcast clouds,ES,2022-01-22 02:44:47
574,Skibbereen,51.55,-9.2667,279.04,73,97,2.59,overcast clouds,IE,2022-01-22 02:44:47
575,Port Lincoln,-34.7333,135.8667,296.38,84,80,6.53,broken clouds,AU,2022-01-22 02:40:43
576,Teahupoo,-17.8333,-149.2667,298.13,79,100,3.88,overcast clouds,PF,2022-01-22 02:44:47
577,Saint-Paul,-21.0096,55.2707,301.21,79,7,2.22,clear sky,RE,2022-01-22 02:44:48
578,Adre,13.4667,22.2,288.05,20,0,4.93,clear sky,TD,2022-01-22 02:44:48
579,Okha,53.5739,142.9478,255.54,84,10,6.92,clear sky,RU,2022-01-22 02:44:48
580,Nilagiri,21.4582,86.7722,294.47,67,0,1.08,clear sky,IN,2022-01-22 02:44:48
581,Sabang,5.8933,95.3214,300.79,71,15,3.02,few clouds,ID,2022-01-22 02:44:49
582,Chimbote,-9.0853,-78.5783,295.27,81,19,2.97,few clouds,PE,2022-01-22 02:44:49
583,Yakeshi,49.2833,120.7333,258.12,93,100,2.12,light snow,CN,2022-01-22 02:44:49
584,North Bend,43.4065,-124.2243,281.44,94,0,5.14,clear sky,US,2022-01-22 02:44:50
585,Kysyl-Syr,63.8986,122.7617,252.13,99,96,1.55,overcast clouds,RU,2022-01-22 02:44:50
586,Shakawe,-18.3667,21.85,291.57,54,3,3.91,clear sky,BW,2022-01-22 02:44:50
587,Anacortes,48.5126,-122.6127,280.88,94,75,0.45,mist,US,2022-01-22 02:44:50
588,Banda Aceh,5.5577,95.3222,301.02,74,12,2.74,few clouds,ID,2022-01-22 02:44:51
589,Conceicao Do Araguaia,-8.2578,-49.2647,296.33,92,0,1.27,clear sky,BR,2022-01-22 02:44:51
590,Port-Gentil,-0.7193,8.7815,299.25,85,5,5.54,light rain,GA,2022-01-22 02:44:51
591,Benxi,41.2886,123.765,267.33,59,100,1.18,overcast clouds,CN,2022-01-22 02:44:51
592,Novoagansk,61.9449,76.6625,262.52,95,100,2.82,overcast clouds,RU,2022-01-22 02:44:52
593,Kulhudhuffushi,6.6221,73.07,299.81,68,100,3.1,overcast clouds,MV,2022-01-22 02:44:52
594,Matamoros,25.5333,-103.25,284.32,46,4,0.62,clear sky,MX,2022-01-22 02:41:09
595,Kota Kinabalu,5.9749,116.0724,302.14,79,20,2.06,few clouds,MY,2022-01-22 02:44:52
596,Sahuaripa,29.05,-109.2333,288.09,43,0,2.24,clear sky,MX,2022-01-22 02:44:53
597,Kosh-Agach,50.0,88.6667,246.28,98,79,1.11,broken clouds,RU,2022-01-22 02:45:53
598,Tullahoma,35.362,-86.2094,269.86,75,100,3.09,overcast clouds,US,2022-01-22 02:45:53
599,Baykit,61.67,96.37,251.69,100,96,0.28,overcast clouds,RU,2022-01-22 02:45:53
600,Malatya,38.5,38.0,262.18,86,75,0.0,broken clouds,TR,2022-01-22 02:45:54
601,Horodok,49.1637,26.5839,269.05,90,100,6.75,overcast clouds,UA,2022-01-22 02:45:54
602,Korla,41.7597,86.1469,270.28,55,6,0.96,clear sky,CN,2022-01-22 02:45:54
603,Meulaboh,4.1363,96.1285,300.8,70,20,1.38,few clouds,ID,2022-01-22 02:45:55
604,Touros,-5.1989,-35.4608,298.65,73,79,3.66,broken clouds,BR,2022-01-22 02:45:55
605,Gorom-Gorom,14.4439,-0.2361,289.34,17,67,4.34,broken clouds,BF,2022-01-22 02:45:55
606,Sur,22.5667,59.5289,291.11,56,0,12.4,clear sky,OM,2022-01-22 02:45:56
607,Chauk,20.8833,94.8167,294.28,59,0,2.19,clear sky,MM,2022-01-22 02:45:56
608,Awbari,26.5921,12.7805,281.79,50,2,2.94,clear sky,LY,2022-01-22 02:45:56
609,Muisne,0.6,-80.0333,297.17,86,81,1.59,broken clouds,EC,2022-01-22 02:45:56
610,Kalabo,-14.97,22.6814,290.9,78,100,2.45,overcast clouds,ZM,2022-01-22 02:45:57
611,Kalamare,-22.9337,26.5703,289.01,58,0,3.72,clear sky,BW,2022-01-22 02:45:57
612,Spokane,47.6166,-117.3677,274.16,92,0,0.0,mist,US,2022-01-22 02:41:05
613,Tara,56.8944,74.371,255.0,96,74,2.23,broken clouds,RU,2022-01-22 02:45:57
614,Terrace,54.5163,-128.6035,278.39,87,100,10.29,light intensity shower rain,CA,2022-01-22 02:45:58
615,Jinzhou,41.1078,121.1417,266.15,82,100,2.06,light snow,CN,2022-01-22 02:45:58
616,Paita,-5.0892,-81.1144,295.61,76,10,5.5,clear sky,PE,2022-01-22 02:45:58
617,Mareeba,-17.0,145.4333,295.55,54,87,3.83,overcast clouds,AU,2022-01-22 02:45:59
618,Pilar,-9.5972,-35.9567,298.11,83,4,1.1,clear sky,BR,2022-01-22 02:45:59
619,Malanje,-9.5402,16.341,288.53,81,100,1.72,overcast clouds,AO,2022-01-22 02:45:59
620,Puerto Ayacucho,5.6639,-67.6236,298.68,75,82,1.14,broken clouds,VE,2022-01-22 02:45:59
621,Hofn,64.2539,-15.2082,279.55,92,100,17.4,light rain,IS,2022-01-22 02:46:00
622,Yanam,16.7333,82.2167,295.37,79,27,1.57,scattered clouds,IN,2022-01-22 02:46:00
623,Tautira,-17.7333,-149.15,301.16,79,100,2.95,overcast clouds,PF,2022-01-22 02:46:00
624,Krasnogorsk,55.8225,37.3181,267.18,93,100,4.0,light snow,RU,2022-01-22 02:46:01
625,Johi,26.6921,67.6133,287.39,54,0,2.86,clear sky,PK,2022-01-22 02:46:01
626,Yudong,29.385,106.5194,285.02,99,100,1.21,overcast clouds,CN,2022-01-22 02:46:01
627,Seoul,37.5683,126.9778,274.88,53,75,1.54,broken clouds,KR,2022-01-22 02:39:12
628,Velikiy Ustyug,60.7644,46.3106,259.1,94,100,2.55,overcast clouds,RU,2022-01-22 02:46:02
629,Golyshmanovo,56.3979,68.3728,254.92,95,100,2.36,overcast clouds,RU,2022-01-22 02:46:02
630,Soyo,-6.1349,12.3689,297.68,85,80,3.63,broken clouds,AO,2022-01-22 02:46:02
631,Yavaros,26.7,-109.5167,292.29,65,0,3.8,clear sky,MX,2022-01-22 02:46:03
632,Mavrovi Anovi,41.7025,20.7564,257.27,77,99,1.87,overcast clouds,MK,2022-01-22 02:46:03
633,Trhove Sviny,48.8423,14.6392,273.77,92,100,8.93,light snow,CZ,2022-01-22 02:46:03
634,Kinablangan,7.6947,126.5503,296.6,87,100,3.81,overcast clouds,PH,2022-01-22 02:46:04
635,Sept-Iles,50.2001,-66.3821,251.51,75,0,0.0,clear sky,CA,2022-01-22 02:46:01
636,Lobito,-12.3481,13.5456,295.82,78,79,1.32,broken clouds,AO,2022-01-22 02:46:04
637,Baracoa,20.3467,-74.4958,297.79,81,43,2.4,scattered clouds,CU,2022-01-22 02:46:04
638,Diebougou,10.9667,-3.25,292.94,18,96,2.68,overcast clouds,BF,2022-01-22 02:46:05
639,Capleni,47.7167,22.5,268.19,91,84,4.06,broken clouds,RO,2022-01-22 02:46:05
640,Les Cayes,18.2,-73.75,296.75,82,21,2.16,few clouds,HT,2022-01-22 02:46:05
641,Mae Hong Son,19.3003,97.9685,291.23,77,20,0.0,few clouds,TH,2022-01-22 02:46:05
642,Bethlehem,-1.4558,-48.5044,298.17,88,0,2.57,clear sky,BR,2022-01-22 02:42:28
643,Shirokiy,49.758,129.523,251.35,94,98,1.15,overcast clouds,RU,2022-01-22 02:47:06
644,Knysna,-34.0363,23.0471,295.36,86,0,2.05,clear sky,ZA,2022-01-22 02:47:06
645,Reconquista,-29.15,-59.65,306.4,33,42,4.0,scattered clouds,AR,2022-01-22 02:47:06
646,Ipanema,-30.1391,-51.2244,300.52,86,20,5.14,few clouds,BR,2022-01-22 02:47:07
647,Karpogory,64.0019,44.4451,263.77,96,99,2.17,overcast clouds,RU,2022-01-22 02:47:07
648,Inhambane,-23.865,35.3833,297.69,68,96,6.14,light rain,MZ,2022-01-22 02:47:07
649,Dalvik,65.9702,-18.5286,280.11,81,97,18.52,overcast clouds,IS,2022-01-22 02:47:08
650,Anshun,26.25,105.9333,284.85,80,91,7.21,overcast clouds,CN,2022-01-22 02:47:08
651,Rantauprapat,2.1,99.8333,301.36,71,84,1.09,broken clouds,ID,2022-01-22 02:47:08
652,Morondava,-20.2833,44.2833,298.68,71,83,2.27,broken clouds,MG,2022-01-22 02:47:09
653,Maniitsoq,65.4167,-52.9,263.5,70,100,5.85,overcast clouds,GL,2022-01-22 02:47:09
654,Wentzville,38.8114,-90.8529,266.97,77,28,2.07,scattered clouds,US,2022-01-22 02:47:09
655,Kaeo,-35.1,173.7833,298.89,62,45,4.93,scattered clouds,NZ,2022-01-22 02:47:09
656,Luz,-19.8014,-45.6856,294.05,88,8,1.08,clear sky,BR,2022-01-22 02:47:10
657,Brawley,32.9787,-115.5303,293.49,26,0,4.63,clear sky,US,2022-01-22 02:45:26
658,Eagle,43.6954,-116.354,275.55,87,0,0.0,clear sky,US,2022-01-22 02:43:05
659,Dhidhdhoo,6.8833,73.1,299.9,69,100,3.33,overcast clouds,MV,2022-01-22 02:47:10
660,Jamalpur,24.9167,89.9333,291.83,59,41,2.99,scattered clouds,BD,2022-01-22 02:47:11
661,Lokosovo,61.1333,74.8167,262.62,95,100,3.2,light snow,RU,2022-01-22 02:47:11
662,Yuksekova,37.5736,44.2872,254.5,66,4,1.41,clear sky,TR,2022-01-22 02:47:11
663,Manicore,-5.8092,-61.3003,296.56,97,100,0.91,heavy intensity rain,BR,2022-01-22 02:47:12
664,Ondjiva,-17.0667,15.7333,293.57,82,100,1.58,overcast clouds,AO,2022-01-22 02:47:12
665,Qunduz,36.729,68.857,275.06,97,100,3.92,overcast clouds,AF,2022-01-22 02:43:06
666,Eucaliptus,-17.5833,-67.5167,282.63,74,87,5.31,overcast clouds,BO,2022-01-22 02:47:12
667,Goulburn,-34.75,149.7167,296.01,44,5,4.96,clear sky,AU,2022-01-22 02:47:12
668,Bitung,1.4451,125.1824,301.62,68,100,3.58,overcast clouds,ID,2022-01-22 02:47:13
669,Pedernales,18.0384,-71.744,297.99,68,5,2.73,clear sky,DO,2022-01-22 02:43:04
670,Huntington Beach,33.6603,-117.9992,294.32,27,0,2.68,clear sky,US,2022-01-22 02:47:13
671,Crotone,39.0851,17.1178,277.0,58,90,12.73,overcast clouds,IT,2022-01-22 02:47:13
672,Shiyan,32.6475,110.7781,275.1,83,100,1.67,overcast clouds,CN,2022-01-22 02:47:14
673,Shingu,33.7333,135.9833,280.7,40,68,1.44,broken clouds,JP,2022-01-22 02:47:14
674,Yashkul,46.1711,45.3435,272.74,88,97,6.78,overcast clouds,RU,2022-01-22 02:47:14
675,Puerto Cabezas,14.0351,-83.3888,296.81,90,5,2.93,clear sky,NI,2022-01-22 02:47:15
676,Loreto,22.2667,-101.9667,285.34,42,99,1.12,overcast clouds,MX,2022-01-22 02:47:15
677,Samarai,-10.6167,150.6667,302.68,65,99,2.16,overcast clouds,PG,2022-01-22 02:47:15
678,Damghan,36.1683,54.348,264.91,47,0,2.46,clear sky,IR,2022-01-22 02:47:16
679,Mrakovo,52.7161,56.6244,257.16,96,98,1.32,overcast clouds,RU,2022-01-22 02:47:16
680,Uniao,-4.5858,-42.8642,296.34,96,93,1.56,overcast clouds,BR,2022-01-22 02:44:10
681,Roald,62.5833,6.1333,280.56,93,100,8.75,light intensity drizzle,NO,2022-01-22 02:47:16
682,Thibodaux,29.7958,-90.8229,277.58,65,100,3.13,overcast clouds,US,2022-01-22 02:47:17
683,Palauig,15.435,119.9045,302.58,59,44,0.85,scattered clouds,PH,2022-01-22 02:47:17
684,Bichura,50.5881,107.6022,260.79,91,100,0.64,overcast clouds,RU,2022-01-22 02:47:17
685,Pirapo,-26.85,-55.5333,300.37,50,0,1.84,clear sky,PY,2022-01-22 02:47:18
686,Nagpur,21.15,79.1,288.16,100,0,0.0,mist,IN,2022-01-22 02:41:10
687,Feldbach,46.9531,15.8883,273.69,61,39,2.29,scattered clouds,AT,2022-01-22 02:48:18
